codeproduit,description
84865,NEW BAROQUE BLACK PHOTO ALBUM
84548,CROCHET BEAR RED/BLUE  KEYRING
84857C,PINK MONTE CARLO HANDBAG
75172,PAINTED SEA SHELL METAL WINDCHIME
22482,BLUE TEA TOWEL CLASSIC DESIGN
22088,PAPER BUNTING COLOURED LACE
20941,FROG CANDLE
21763,VINTAGE WOODEN BAR STOOL
90046,WHITE WITH METAL BAG CHARM
90048,GREEN WITH METAL BAG CHARM
82613b,"METAL SIGN,CUPCAKE SINGLE HOOK"
79337,BLUE FLOCK GLASS CANDLEHOLDER
84539,KNITTED RABBIT DOLL 
44242A,LILAC FEATHERS CURTAIN
22052,VINTAGE CARAVAN GIFT WRAP
85036a,GARDENIA 1 WICK MORRIS BOXED CANDLE
62074B,ELEPHANT CLIP W SUCTION CUP
21518,BANK ACCOUNT  GREETING  CARD 
37444A,YELLOW BREAKFAST CUP AND SAUCER
90125A,PINK BERTIE GLASS BEAD BAG CHARM
90125D,PURPLE BERTIE GLASS BEAD BAG CHARM
84466,TOP SECRET PEN SET
21472,LADYBIRD + BEE RAFFIA FOOD COVER
90126C,AMBER BERTIE MOBILE PHONE CHARM
90127A,PINK BEADS+HAND PHONE CHARM
84881,BLUE WIRE SPIRAL CANDLE HOLDER
90141D,ROSE PENDANT TRIPLE SHELL NECKLACE
37491D,PURPLE/BLUE CERAMIC CANDLE HOLDER
37491B,BLUE/YELLOW CERAMIC CANDLE HOLDER
37491C,GREEN/BLUE CERAMIC CANDLE HOLDER
44091A,BLUE CRUSOE CHECK LAMPSHADE
84849B,FAIRY SOAP SOAP HOLDER
90137,PINK COMBO MINI CRYSTALS NECKLACE
84387A,BIRD ON BRANCH CANVAS SCREEN
84789,ENCHANTED BIRD PLANT CAGE
84857B,BLUE MONTE CARLO HANDBAG
22777,GLASS CLOCHE LARGE
21445,12 PINK ROSE PEG PLACE SETTINGS
90024C,NEW BAROQUE B'FLY NECKLACE GREEN
21720,CAKE SHOP  STICKER SHEET
90128A,PINK LEAVES AND BEADS PHONE CHARM
gift_0001_40,Dotcomgiftshop Gift Voucher �40.00
90039B,FIRE POLISHED GLASS BRACELET MONTAN
85197,SET OF 12 MINI BUNNIES IN A BUCKET
84731,3 BIRDS CANVAS SCREEN
35650,VINTAGE BEAD PINK JEWEL STAND
90036B,"FLOWER GLASS GARLAND NECKL.36""GREEN"
22016,Dotcomgiftshop Gift Voucher �100.00
84963B,BLUE PAINTED KASHMIRI CHAIR
84993B,75 BLACK PETIT FOUR CASES
84803B,WHITE ALLIUM  ARTIFICIAL FLOWER
35817P,PINK ACRYLIC JEWEL SNOWFLAKE
90176C,DIAMANTE NECKLACE
44228,CANNABIS LEAF BEAD CURTAIN
21870,I CAN ONLY PLEASE ONE PERSON MUG
35966,FOLKART CHRISTMAS TREE T-LIGHT HOLD
84201C,HAPPY BIRTHDAY CARD TEDDY/CAKE
90020,FILIGREE DIAMANTE CHAIN
90132,LIGHT TOPAZ TEAL/AQUA COL NECKLACE
90027A,GLASS BEAD HOOP EARRINGS BLACK
90140,PINK SWEETIE NECKLACE
90038C,GLASS AND BEADS BRACELET IVORY
44092B,BLUE WHITE PLASTIC RINGS LAMPSHADE
90212C,PURPLE LAS VEGAS BRACELET ROUND
84660b,BLACK STITCHED WALL CLOCK
90077,BLACK DIAMOND CLUSTER EARRINGS
22256,FELT FARM ANIMAL CHICKEN
84016,FLAG OF ST GEORGE CAR FLAG
84033,FLAG OF ST GEORGE 
85049b,LUSH GREENS RIBBONS
20678,LARGE BLACK DIAMANTE HAIRSLIDE
35915B,BLUE KNITTED HEN 
84798A,PINK FOXGLOVE ARTIIFCIAL FLOWER
90128C,GREEN LEAVES AND BEADS PHONE CHARM
90024D,NEW BAROQUE B'FLY NECKLACE PINK
90025D,BAROQUE BUTTERFLY EARRINGS PINK
84968d,SET OF 16 VINTAGE RED CUTLERY
23605,SET 10 CARDS 12 DAYS OF XMAS 17059
84551,CROCHET DOG KEYRING
22858,EASTER TIN KEEPSAKE
90053,CRACKED GLAZE EARRINGS IVORY
90025A,BAROQUE BUTTERFLY EARRINGS BLACK
21637,ASSORTED SANSKRIT MINI NOTEBOOK
84952C,MIRROR LOVE BIRD T-LIGHT HOLDER
85115B,S/4 BLACK DISCO PARTITION PANEL
22656,VINTAGE BLUE KITCHEN CABINET
37471,MULTICOLOUR POLKADOT PLATE
84661b,BLACK SQUARE TABLE CLOCK
84452,METAL RABBIT LADDER EASTER 
90001C,ANTIQUE OPAL WHITE FLOWER EARRINGS
45013,FOLDING SHOE TIDY
90142D,MOP PENDANT SHELL NECKLACE
21157,RED RETROSPOT WASHBAG
S,SAMPLES
90032,IVORY SHELL HEART NECKLACE
82613c,"METAL SIGN,CUPCAKE SINGLE HOOK"
20967,GREY FLORAL FELTCRAFT SHOULDER BAG
84968a,SET OF 16 VINTAGE ROSE CUTLERY
23628,SET 10 CARDS TRIANGLE ICONS  17220
23643,SET 10 CARDS CHRISTMAS BAUBLE 16954
46776a,WOVEN BUBBLE GUM CUSHION COVER
46776b,WOVEN BERRIES CUSHION COVER 
46776e,WOVEN CANDY CUSHION COVER 
46776f,WOVEN ROSE GARDEN CUSHION COVER 
47593b,SCOTTIE DOGS BABY BIB
51014c,"FEATHER PEN,COAL BLACK"
84031a,CHARLIE+LOLA RED HOT WATER BOTTLE 
84031b,CHARLIE LOLA BLUE HOT WATER BOTTLE 
90001A,ANTIQUE RASPBERRY FLOWER EARRINGS
90183c,BLACK DROP EARRINGS W LONG BEADS
90184c,BLACK CHUNKY BEAD BRACELET W STRAP
47016,LIGHT DECORATION BATTERY OPERATED
90211B,JET BLACK LAS VEGAS NECKLACE 45CM
90069,RUBY GLASS CLUSTER NECKLACE
90176A,CLASSIC DIAMANTE NECKLACE JET
84465,15 PINK FLUFFY CHICKS IN BOX
35913B,WHITE/PINK CHICK EASTER DECORATION
35910B,PINK FLOWERS RABBIT EASTER
10124A,SPOTS ON RED BOOKCOVER TAPE
90162A,ANT SILVER TURQUOISE BOUDICCA RING
85034a,3 GARDENIA MORRIS BOXED CANDLES
84549,CROCHET WHITE RABBIT KEYRING 
21457,2 PICTURE BOOK EGGS EASTER DUCKS
84457,SET/3 RABBITS FLOWER SKIPPPING ROPE
21281,VINTAGE KITCHEN PRINT SEAFOOD
21275,ZINC TOP  2 DOOR WOODEN SHELF 
23602,SET 10 CARDS 3 WISE MEN 17107
23664,FLOWER SHOP DESIGN MUG
20901,VINTAGE KEEPSAKE BOX PINK FLOWER
84617,NEW BAROQUE BLACK BOXES
84497,BUTTONS AND STRIPES NOTEBOOK 
23449,SET OF 6 EASTER RAINBOW CHICKS
21631,HIPPY CHIC DECORATIVE PARASOL
23652,SET 10 CARD CHRISTMAS STAMPS 16963
90175C,BLUE GLASS CHUNKY CHARM BRACELET
90026D,GLASS BEAD HOOP NECKLACE AMETHYST
84206B,CAT WITH SUNGLASSES BLANK CARD
84824,DANISH ROSE UMBRELLA STAND
90011D,PURPLE CRYSTAL DROP EARRINGS
85194L,HANGING SPRING FLOWER EGG LARGE
72802c,VANILLA SCENT CANDLE JEWELLED BOX
85049c,ROMANTIC PINKS RIBBONS 
84801A,PINK HYDRANGEA ART FLOWER
90075,MONTANA DIAMOND CLUSTER NECKLACE
90076,MONTANA DIAMOND CLUSTER EARRINGS
84206C,CHAMPAGNE TRAY BLANK CARD
84550,CROCHET LILAC/RED BEAR KEYRING
84971l,LARGE HEART FLOWERS HOOK   
85034b,3 WHITE CHOC MORRIS BOXED CANDLES
90027B,GLASS BEAD HOOP EARRINGS MONTANA
90082D,DIAMANTE BOW BROOCH BLACK COLOUR
90151,SILVER/NATURAL SHELL NECKLACE
79151B,"SILICON CUBE 25W, BLUE"
23609,SET 10 CARDS SNOWY ROBIN 17099
84228,HEN HOUSE WITH CHICK STANDING
85179a,GREEN BITTY LIGHT CHAIN
23617,SET 10 CARDS SWIRLY XMAS TREE 17104
90214U,"LETTER ""U"" BLING KEY RING"
90039A,FIRE POLISHED GLASS BRACELET RED
84679,CLASSICAL ROSE TABLE LAMP
22967,SET 3 SONG BIRD PAPER EGGS ASSORTED
90016C,SILVER/BLACK PENDANT ORBIT NECKLACE
47591b,SCOTTIES CHILDRENS APRON
23843,"PAPER CRAFT , LITTLE BIRDIE"
90210A,GREY ACRYLIC FACETED BANGLE
84558a,3D DOG PICTURE PLAYING CARDS
